"","GupDM_A_11","GupDM_A_15","GupDM_A1","GupDM_A10","GupDM_A12","GupDM_A13","GupDM_A14","GupDM_A2","GupDM_A3","GupDM_A4","GupDM_A5","GupDM_A6","GupDM_A7","GupDM_A8","GupDM_A9","GupDM_HAG","GupDM_HAH","GupDM_HAI","GupDM_HAJ","GupDM_HAK","GupDM_HAL","GupDM_HAM","GupDM_HAN","GupDM_HAO","GupDM_HAP","GupDM_HAR","GupDM_HAT","GupDM_HBR","GupDM_HCL","GupDM_HCM","GupDM_HCN","GupDM_HCO","GupDM_HCP","GupDM_HCQ","GupDM_HCR","GupDM_HCS","GupDM_HCT","GupDM_HCU","GupDM_HCV","GupDM_HCY","GupDM_HDB","GupDM_HDF","GupDM_HP","GupDM_HR","GupDM_HS","GupDM_JA","GupDM_JB","GupDM_JC","GupDM_JD","GupDM_JE","GupDM_JG","GupDM_JH","GupDM_JI","GupDM_JJ","GupDM_JK","GupDM_JL","GupDM_JM","GupDM_JN","GupDM_JO","GupDM_JP"
"DTDPRHAMSYN-PWY: dTDP-L-rhamnose biosynthesis I",0.000566439807,0.000521179347,0.000548017807,0.000378299653,0.000387394002,0.000522169147,0.000760899899,0.00113161487,0.00082077892,0.00109431623,0.00089131521,0.001024679968,0.000618335331,0.000543455758,0.000856404,0.00219747268,0.001805381777,0.001810626201,0.00126485208,0.00199851255,0.00118962126,0.000680837795,0.001253993269,0.00184597001,0.001805255181,0.0034951757,0.0016105895,0.00101721124,0.00406381907,0.00154830717,0.000904017788,0.00125157603,0.00079000102,0.00098767808,0.00135840743,0.0020554364,0.00084242029,0.00051530016,0.0012019191,0.00050455208,0.00108065339,0.00117258361,0.001737329283,0.00191957315,0.001736979705,0.00132345565,0.00135115558,0.001171205993,0.000908926213,0.00096247732,0.000721714441,0.000915257008,0.001134381257,0.00081329991,0.000914266215,0.001357543121,0.001071469661,0.000999430485,0.00114705533,0.000791827768
"ILEUSYN-PWY: L-isoleucine biosynthesis I (from threonine)",0.000452224988,0.0011678902,0.000795812303,0.000841184068,0.000760835447,0.000833085012,0.00062332258,0.00020929978,0.00089154428,0.00081107829,0.0005239314,0.00069470573,0.000782542948,0.001145418553,0.00113448747,0.00149444892,0.0015566281,0.001687089624,0.00091232013,0.00122454677,0.001027321835,0.000504118897,0.001036051841,0.000766191933,0.00163478009,0.0019718181,0.00127187087,0.00111443682,0.0025918083,0.00135217146,0.000759488997,0.00151663788,0.000439076104,0.0010108103,0.00087708219,0.00141120658,0.003391724367,0.000726077217,0.00136954648,0.00038686935,0.0010777742,0.00067174727,0.0014093067,0.00134810451,0.00140142367,0.00085420089,0.00084603818,0.0005398654,0.00045793415,0.00051449848,0.00055271499,0.00056800789,0.000683042369,0.00038127454,0.00054504804,0.00084098049,0.000559474075,0.00052376668,0.00073910014,0.000521475861
"VALSYN-PWY: L-valine biosynthesis",0.000479414104,0.001169812796,0.000852812497,0.00086477961,0.000824716844,0.000852602478,0.000768585293,0.000249324346,0.00110943491,0.000945372146,0.00055178831,0.000846935968,0.000839335851,0.001147714109,0.001436109654,0.001510923489,0.00158894505,0.001780584497,0.001046104347,0.001259500574,0.001072019494,0.000570579474,0.001222118572,0.000821432849,0.001656417739,0.0019718181,0.001303290681,0.001182668394,0.00266872121,0.00143782101,0.000856615416,0.001565996335,0.000523239202,0.001093415406,0.000921945189,0.00145042814,0.00339526421,0.000753285289,0.00141045712,0.00041509501,0.001138871154,0.0007606253,0.00146014966,0.00144340512,0.001452625835,0.00093992887,0.00096976299,0.00062823904,0.000509941332,0.0005613936,0.0006114455,0.000746600512,0.000769607491,0.000428937571,0.000671355095,0.000926511643,0.000686480555,0.000637689984,0.000836822228,0.000594752326
"BRANCHED-CHAIN-AA-SYN-PWY: superpathway of branched amino acid biosynthesis",0.000393898116,0.000933237159,0.000642184274,0.000704904916,0.000629632563,0.000702058383,0.00047537672,0.00020339003,0.00067371187,0.00071975684,0.000456059529,0.00056663446,0.000673942041,0.000955063235,0.00081185806,0.00126202715,0.0012803035,0.001450739301,0.000773804738,0.001109509129,0.000883219288,0.000424448713,0.000843476039,0.000656392334,0.00126318531,0.0017584156,0.00112389565,0.00092356598,0.0020989512,0.00120560996,0.00065278894,0.001250167,0.000337041331,0.00083082247,0.00051506024,0.0012031976,0.002992229387,0.000653946485,0.00111105637,0.000337870354,0.0009342991,0.00064591889,0.00125567652,0.001177130336,0.00133694133,0.00077351357,0.000768815513,0.000421125674,0.000331525969,0.00039605769,0.00044944909,0.00043307884,0.000593376187,0.00032863875,0.000427520132,0.00079419158,0.000434401811,0.00040589052,0.00061264063,0.000424669372
"PWY-5103: L-isoleucine biosynthesis III",0.00042975797,0.000939737879,0.0006109100715,0.000676759965,0.00056573596,0.0006662634,0.00045184193,0.00018315572,0.00060495711,0.00069276339,0.000437942725,0.000538434194,0.00062380209,0.000954302417,0.000757000091,0.001156314386,0.0011849373,0.001401102607,0.000737727328,0.001064877909,0.000836582228,0.000390751406,0.000789013223,0.000613003338,0.001162491886,0.0016571673,0.00106412999,0.00088433603,0.0019567182,0.00116326992,0.000625055112,0.00118433695,0.000302300131,0.00079813895,0.00044947795,0.00113685294,0.002932794084,0.000644074796,0.00103760333,0.000326284937,0.00088832293,0.00060483477,0.00120421489,0.001069832688,0.00129764386,0.0007265969,0.000722601372,0.000384875223,0.000318767843,0.00036747543,0.00040898406,0.00039295038,0.000554725166,0.00030566148,0.000393108046,0.00075165381,0.000401709002,0.00037209647,0.000572318296,0.000391910574
"PWY-7111: pyruvate fermentation to isobutanol (engineered)",0.000567027272,0.0014026563947,0.0009554722938,0.001021914904,0.001057618455,0.000870179397,0.000777324986,0.000245075476,0.00106162148,0.000925644092,0.00053337144,0.000821344453,0.000880637743,0.0013803647234,0.001451004217,0.001224979841,0.00122218025,0.001625174051,0.001021650362,0.001160881798,0.000988978844,0.000538234395,0.001213994751,0.000763042128,0.001325690467,0.001729682,0.001158049827,0.001078861036,0.00199408171,0.00135382374,0.000777029946,0.001240864302,0.000493628976,0.001061949239,0.000891812234,0.001185737087,0.003114692301,0.000801756032,0.001085603235,0.000375032634,0.00099948948,0.000740251879,0.00134280624,0.001148639118,0.001410589385,0.00089618339,0.000908230054,0.000619513265,0.000504474476,0.00055875029,0.000589159789,0.000732778432,0.000746850095,0.000433245283,0.000658063512,0.00090797731,0.00067632419,0.000632352937,0.000794220276,0.000580649373
"PWY-7219: adenosine ribonucleotides de novo biosynthesis",0.000852170206,0.000411572164,0.0006009426604,0.000670170738,0.00074441141,0.000745067341,0.000715618924,0.001128069861,0.00089130156,0.001323399602,0.001182935538,0.00108533783,0.000905661564,0.0004584965,0.00090244603,0.00171940722,0.001628386714,0.00176563283,0.00100172637,0.00151660798,0.001230247848,0.000660484059,0.001089951616,0.001016321389,0.001622574304,0.00203745937,0.00127023638,0.00124225832,0.00253935951,0.001359185229,0.000889315998,0.001801797785,0.000832126733,0.001047810175,0.001360598735,0.00168490733,0.002327555254,0.001014503478,0.001758719642,0.000400147924,0.001371611693,0.00087448467,0.00151696047,0.00162120631,0.001603217822,0.00119478341,0.00116529989,0.00081746256,0.000743293179,0.00118203077,0.00091511167,0.000792847834,0.000988671711,0.000774820488,0.001010501283,0.00122982051,0.000792529799,0.000768495183,0.001042050647,0.001028007276
"PWY-6151: S-adenosyl-L-methionine cycle I",0.00050557784,0.000542662581,0.0004583153412,0.000461123269,0.00051306944,0.000455394485,0.000531173442,0.00029714333,0.00050036639,0.000623864423,0.000275116621,0.00053359418,0.000588833934,0.0005602981465,0.00050173133,0.00151233959,0.001251105991,0.001527380744,0.00058211715,0.00126680435,0.001024485194,0.000393596266,0.000663615697,0.000941580133,0.0012890893,0.0020150448,0.00125625595,0.00094092138,0.00189726177,0.0012703909,0.000747072319,0.00146621236,0.00050466898,0.00070606393,0.00079957411,0.00114944133,0.000364407935,0.0006795286742,0.00143146222,0.00027465335,0.00088782994,0.00046985683,0.00135974976,0.00120692074,0.00118225293,0.000776357872,0.000994237947,0.00051548215,0.000447851214,0.00064827904,0.00043278696,0.00064866275,0.00080943668,0.000514012728,0.00062915732,0.00078759425,0.00059842002,0.000543807028,0.000811787821,0.000618169899
"PWY0-1586: peptidoglycan maturation (meso-diaminopimelate containing)",0.00115310244,0.001899466916,0.00120616644,0.001429109553,0.001285890561,0.001240814667,0.00058498927,0.000164798511,0.0004468149,0.00022321919,0.00026573141,0.00032577782,0.0012250444,0.001891752768,0.00085241031,0.000861444,0.001191823005,0.0007095857,0.00055415389,0.000641665251,0.00056584809,0.000607461051,0.00059562587,0.000411726683,0.001165275631,0.00102136834,0.000879245292,0.00053951582,0.0008592307,0.000916249,0.000311125226,0.00073468159,0.00038311096,0.000721276043,0.00050682665,0.00034744035,0.000649374707,0.000932419791,0.00072075428,0.00046367593,0.00062690872,0.00069157333,0.00051425004,0.00127222239,0.00100092076,0.0003041354,0.000612514782,0.00045889205,0.000419047526,0.00022070855,0.00061826474,0.00034204051,0.000541542225,0.00035499135,0.00032036477,0.000346442892,0.00041953409,0.000402737133,0.000553949778,0.000522755778
"PWY-5686: UMP biosynthesis",0.000654617228,0.000503581376,0.0005239101896,0.000452475717,0.000595366972,0.000566128938,0.000713413919,0.00123597728,0.00085156774,0.001075595192,0.00084147859,0.00096548007,0.000767813509,0.000506093763,0.000954229551,0.00134231575,0.00128501509,0.00160781236,0.00093316455,0.00126128629,0.00096661972,0.000611866756,0.001083319924,0.000851611779,0.00133815258,0.0017823934,0.00104626373,0.00094957242,0.0019103989,0.001291751385,0.000640965332,0.00170897513,0.00058742134,0.00099747615,0.00119537811,0.0013792092,0.002181833138,0.00088750136,0.00164838137,0.000308838696,0.00088601015,0.00080533718,0.00132120892,0.001343056838,0.00140047951,0.00124892937,0.00104836137,0.00073340484,0.000666247461,0.00090315598,0.000812772069,0.000802300837,0.00090846055,0.00069164347,0.00082980821,0.00124822187,0.000783744237,0.00072421874,0.000964012933,0.00081417794
"PWY-7221: guanosine ribonucleotides de novo biosynthesis",0.000659717444,0.000594575629,0.00055634887,0.000517009883,0.000546778457,0.000543149572,0.000741669145,0.00126093715,0.000876844588,0.00100850135,0.00100342404,0.00081783447,0.000780382698,0.000597241075,0.000922598264,0.00148370696,0.001355243001,0.00148215952,0.00084042669,0.001207977276,0.001082428603,0.00066339877,0.001010448045,0.001009149497,0.00154486753,0.0019654118,0.00111114149,0.001106450067,0.00235899963,0.00127604633,0.000716068766,0.0015579207,0.000688959199,0.00100463805,0.00127188331,0.00146677203,0.00154057819,0.001041088835,0.00142512311,0.000350310855,0.00109013012,0.00081762553,0.00134199054,0.001475144922,0.001509035916,0.00125088829,0.001105831206,0.000823629789,0.00073599088,0.001052063942,0.000838688964,0.00076525728,0.000980959426,0.00067547363,0.000934903995,0.001345709393,0.000763744204,0.000706860288,0.000960062077,0.000901346937
"RIBOSYN2-PWY: flavin biosynthesis I (bacteria and plants)",0.00046971761,0.000222451888,0.000341852339,0.000268350523,0.000282660085,0.000312131537,0.000595220802,0.00015312183,0.0007102483,0.00063883262,0.00038551451,0.00048228323,0.000564382915,0.000230351035,0.00049938734,0.00116173153,0.00108492921,0.001290842004,0.00086841663,0.001094201671,0.000793128878,0.000292163726,0.00086254848,0.000744524051,0.001075570114,0.00173694607,0.00093427405,0.0007864733,0.0012801123,0.001025309845,0.000467689431,0.00144559198,0.00036166582,0.00051948586,0.00044844669,0.00101423021,0.00118918457,0.00072053199,0.00154002466,0.00016979758,0.00079937578,0.0006260238,0.0010006022,0.00112414006,0.00123769712,0.00026678575,0.00077138414,0.000434533618,0.000352940037,0.00044061827,0.00025613057,0.000675693393,0.00058642351,0.000336578701,0.000636265287,0.00032265021,0.000566757129,0.00056057889,0.000593857334,0.00035129323
"PEPTIDOGLYCANSYN-PWY: peptidoglycan biosynthesis I (meso-diaminopimelate containing)",0.000641124588,0.000525748217,0.000508353541,0.000515758428,0.000572044276,0.000483496706,0.00061105563,0.00077437435,0.0008041153,0.00142652415,0.00086886866,0.00088716491,0.000767520658,0.000518016278,0.00082152432,0.00144536625,0.0013228771,0.001581163668,0.00084363333,0.00121818766,0.00094496624,0.000616789211,0.000944972486,0.000872098878,0.001378696167,0.00192252145,0.00110474527,0.00103364568,0.00197863015,0.0012795637,0.000844142713,0.00157904209,0.00063473684,0.00089521538,0.00101907595,0.0012504193,0.001498376782,0.00077204669,0.00157749979,0.000306095097,0.0010564632,0.000710812228,0.00127830712,0.00146030167,0.00148031091,0.00108674776,0.00094807557,0.00072607838,0.0006471856,0.00099899392,0.00071560588,0.000574493903,0.000860151422,0.00067195278,0.000791690859,0.00115475391,0.000655899447,0.000632516169,0.000859138145,0.0008053218
"PWY-6387: UDP-N-acetylmuramoyl-pentapeptide biosynthesis I (meso-diaminopimelate containing)",0.00065669905,0.000537881699,0.000531108296,0.000552685548,0.000576769544,0.000485496781,0.000606886006,0.000710380747,0.00081228079,0.00133775513,0.0008621426,0.0009012795,0.000799663207,0.000531471954,0.00088092356,0.00145895304,0.00139234289,0.001587486581,0.00087253275,0.00127457813,0.00097006393,0.00062196254,0.000981371339,0.000883917531,0.00137936388,0.00191261952,0.00113861693,0.00106129554,0.0019441435,0.00131163857,0.00083367147,0.00157478743,0.00063217091,0.00096935084,0.00111708738,0.00127048934,0.001508240187,0.00080154305,0.0015523288,0.000321222994,0.00108577922,0.000726564637,0.00129155236,0.0015153162,0.001494660405,0.00106823261,0.00095449501,0.00074189576,0.000647782758,0.00100766868,0.00072304422,0.00059337456,0.00085742177,0.00067092726,0.000785990184,0.00113773184,0.000683281861,0.000645821426,0.000848718362,0.0008001539
"PWY-7237: myo-, chiro- and scillo-inositol degradation",6.667465e-05,0.000171803611,0.0001968353012,0.000267517077,0.000641841007,0.00033847142,0.000210310185,0.0001365221,0.00030503671,0.00050707531,0.000340662514,0.00018716567,0.00044246126,0.000175630164,0.000377576433,0.00100755831,0.0011222803,0.00099239302,0.00037428602,0.00094007613,0.000652220215,0.000208069191,0.000687653512,0.00058913885,0.000965357562,0.0014651563,0.000802379613,0.00062413691,0.00169327535,0.00113864175,0.000391194686,0.0009487421,0.00014006351,0.000329799158,0.00043099225,0.00091201825,0.000265127336,0.000373180269,0.0008404755,0.00024551238,0.00060603861,0.00063491592,0.00083250227,0.00113417131,0.001027889096,0.00037409918,0.00039931985,0.000306828764,0.00015954302,0.00026385595,0.000247782423,0.00013213437,0.000323471625,0.00013458124,0.000213035588,0.00037876401,0.00020235521,0.00021961214,0.000288059669,0.000227046575
"PWY-1042: glycolysis IV (plant cytosol)",0.00071659139,0.00068980272,0.000701183451,0.000648355734,0.001008674455,0.000812914564,0.000558671798,0.00057406288,0.00080937846,0.00083311859,0.00072702274,0.00085198643,0.000952889464,0.000783592014,0.00103217011,0.00134525819,0.0013567157,0.00122445899,0.00072065679,0.0012718735,0.000995810337,0.000616272925,0.00101516846,0.000783579059,0.001489334842,0.0018281978,0.001152853,0.00090169885,0.00206068393,0.00126620735,0.00068008082,0.0013640286,0.00052401846,0.00064053735,0.00084376866,0.0015015109,0.0006118357,0.000739317028,0.00135817673,0.00038794006,0.0009662069,0.0006840904,0.00125437149,0.00138677666,0.001289669239,0.0006799975,0.0008905317,0.00046201242,0.00049694209,0.0006541718,0.00069505001,0.00056109176,0.00065094854,0.00048866241,0.00061940065,0.00063294751,0.00052937564,0.00049839406,0.00070389889,0.00067465956
"PWY-6385: peptidoglycan biosynthesis III (mycobacteria)",0.00067258881,0.000532322239,0.000523640235,0.000528675907,0.000583274261,0.000495851259,0.000617385494,0.00074252172,0.00073649847,0.00106870393,0.00083489764,0.00081210987,0.000789493787,0.000525039441,0.00085344172,0.00138492902,0.0013072219,0.00151123536,0.00079230191,0.00118457708,0.00093130457,0.00058918431,0.000922020554,0.000872482328,0.00136204719,0.00186679059,0.00111392004,0.00099516203,0.00186586305,0.0012453822,0.000796492319,0.00147665243,0.00060542685,0.00088548915,0.00101451036,0.00117643301,0.00147729793,0.00078969326,0.00147298403,0.000315850609,0.00103239274,0.00070454167,0.00125475486,0.00147722879,0.00145801352,0.0009884565,0.00093527682,0.0007055266,0.00061906097,0.00093137307,0.0006706063,0.00058060903,0.00081456057,0.00064798352,0.000762137265,0.00106688061,0.000652068152,0.00062638297,0.000831893008,0.0007533269
"PWY-6122: 5-aminoimidazole ribonucleotide biosynthesis II",0.000577379065,0.000614846165,0.0005717546998,0.000653317846,0.000561904956,0.000573651135,0.000682943716,0.00111573847,0.00085269875,0.000995377558,0.000838846227,0.000867074339,0.000761909934,0.0006459004031,0.000752704117,0.00136354998,0.00123943874,0.001331573638,0.00078415008,0.001150727241,0.000817668511,0.000566249984,0.000855913675,0.000850565759,0.001394039911,0.00180164941,0.0010791776,0.00091579736,0.00198146039,0.00133153656,0.000615835913,0.00146505138,0.00049639721,0.000851946721,0.001203972595,0.00151873986,0.001131230171,0.000728037295,0.00141500045,0.000308688647,0.00089798737,0.00066655844,0.00124830656,0.001272473072,0.001401096094,0.00100248613,0.000953214936,0.000722361024,0.00058918001,0.000725832946,0.00074430299,0.00069363071,0.000850660186,0.000582213255,0.000679201197,0.00113737692,0.000693437251,0.000670465375,0.000847283364,0.000690684816
"PWY-6277: superpathway of 5-aminoimidazole ribonucleotide biosynthesis",0.000577379065,0.000614846165,0.0005717546998,0.000653317846,0.000561904956,0.000573651135,0.000682943716,0.00111573847,0.00085269875,0.000995377558,0.000838846227,0.000867074339,0.000761909934,0.0006459004031,0.000752704117,0.00136354998,0.00123943874,0.001331573638,0.00078415008,0.001150727241,0.000817668511,0.000566249984,0.000855913675,0.000850565759,0.001394039911,0.00180164941,0.0010791776,0.00091579736,0.00198146039,0.00133153656,0.000615835913,0.00146505138,0.00049639721,0.000851946721,0.001203972595,0.00151873986,0.001131230171,0.000728037295,0.00141500045,0.000308688647,0.00089798737,0.00066655844,0.00124830656,0.001272473072,0.001401096094,0.00100248613,0.000953214936,0.000722361024,0.00058918001,0.000725832946,0.00074430299,0.00069363071,0.000850660186,0.000582213255,0.000679201197,0.00113737692,0.000693437251,0.000670465375,0.000847283364,0.000690684816
"PWY-6700: queuosine biosynthesis",0.000789081925,0.000383532139,0.000505808478,0.000459162363,0.000570165766,0.000552566808,0.00077880588,0.00161606345,0.00077108569,0.00113244462,0.001009491865,0.00080474386,0.000754352197,0.000368401993,0.001086603362,0.00124399126,0.00108874968,0.001434837903,0.00094600684,0.001150103784,0.000884795901,0.000604856957,0.00093705971,0.000944742067,0.001293499492,0.0016659167,0.00094933044,0.00095318937,0.0018148517,0.001197594591,0.000841816451,0.00171416571,0.000713548375,0.00086946989,0.00091281595,0.00114387789,0.00163204167,0.001098100385,0.001713194832,0.00034208465,0.00100803575,0.00082343715,0.00127309985,0.00132635406,0.001292055556,0.00123343298,0.00114984072,0.000816321958,0.000742804374,0.00109773302,0.00078243309,0.000904505301,0.000925701482,0.00075384646,0.00093008725,0.00119766422,0.000842181781,0.000788078271,0.000995439331,0.000835475289
"PWY-6386: UDP-N-acetylmuramoyl-pentapeptide biosynthesis II (lysine-containing)",0.00057569614,0.000492482067,0.00049226688,0.00052157305,0.000533908091,0.000413934006,0.00056424477,0.00067550047,0.00074647098,0.00104418199,0.00086072292,0.00080914743,0.000744222614,0.000484717889,0.00084541437,0.00131163922,0.0013691818,0.00148292161,0.00076175131,0.00120760136,0.00090395931,0.000606265886,0.000927282969,0.000826295092,0.001292093318,0.0016719566,0.0010680196,0.00101004947,0.00165122057,0.00122193711,0.00081398966,0.00135005069,0.00059060572,0.00081630073,0.00102363001,0.0011220848,0.00140454895,0.00074091994,0.00134153524,0.000307978497,0.00101376001,0.00070328329,0.00111456212,0.00141022975,0.0014566467,0.0010109435,0.0008748945,0.00055648073,0.00052950009,0.00093560222,0.00067466312,0.000565320586,0.00072882418,0.000541141756,0.000739974751,0.00106695184,0.000572029684,0.00053820711,0.000732140098,0.00076296462
"PWY-6609: adenine and adenosine salvage III",0.000814108934,0.00052537492,0.0005329176296,0.000533427921,0.000571660856,0.000601820735,0.000587186721,0.00069008947,0.00076415268,0.001083154877,0.001132313313,0.000962084711,0.000654043407,0.00056249557,0.001121704092,0.00103144548,0.00110035237,0.001301987991,0.00086640669,0.00108146828,0.000761513213,0.00048455155,0.001052310348,0.000593160384,0.001095454392,0.00155146298,0.00087346031,0.0009733612,0.00134321528,0.00100818684,0.000875411408,0.00084724675,0.0008249616,0.000938321192,0.001177699153,0.00114869148,0.00244080197,0.0004932345,0.00085241429,0.00026508076,0.00093861687,0.000762419308,0.00097423701,0.001349895121,0.001316056874,0.00090245261,0.00094756155,0.000494325199,0.000506710786,0.001122275253,0.00092602138,0.000732358309,0.000780342662,0.000583027872,0.000884828821,0.00096345915,0.000606695583,0.00059160679,0.000784223901,0.000924029609
"PWY-7539: 6-hydroxymethyl-dihydropterin diphosphate biosynthesis III (Chlamydia)",0.00028924411,0.000150462229,0.000223934321,0.000165130349,0.000299429132,0.000258826818,0.00028699983,8.437557e-05,0.0004112763,0.00015147695,0.00024782811,0.000288261,0.00041115239,0.000151826032,0.00028508097,0.000919187,0.0009794437,0.00089171982,0.00050301824,0.00056267751,0.00024949304,0.00018013381,0.00047545632,0.000397946258,0.0009841339,0.0014602416,0.00052315625,0.0004757029,0.0010822805,0.0009524142,0.00012643733,0.00104461852,0.00017941276,0.00035289325,0.00036334089,0.0005866651,5.16984e-05,0.00031704451,0.001154635473,0.000163475972,0.00051063111,0.00059209689,0.0005332035,0.00118555321,0.00086371982,0.0001761128,0.0003782819,0.0002808511,0.00018929258,0.00018724123,0.000141149258,0.00040566725,0.00033245567,0.000216163398,0.0002814613,0.0001659767,0.00026162953,0.00031997799,0.00034738749,0.000208906124
"PWY-6147: 6-hydroxymethyl-dihydropterin diphosphate biosynthesis I",0.000320018718,0.00016235245,0.00023758112,0.000186912442,0.000316486484,0.000289818889,0.00028355204,0.00011800911,0.0004684763,0.00016280168,0.00029484034,0.00035694507,0.000421585827,0.000164581954,0.00028570327,0.000954791,0.0010264483,0.0008910123,0.00050749795,0.00056965403,0.00026137989,0.000216722947,0.00050999226,0.000409952158,0.00100072091,0.0014985028,0.00053424431,0.00051611074,0.0010868158,0.000901902102,0.00012843921,0.0010151584,0.00019565043,0.0003723112,0.00042785494,0.0006023545,5.14292e-05,0.00030718911,0.0010656257,0.000183290301,0.0005296202,0.00063440924,0.00054974,0.0012329236,0.00086923731,0.00018383142,0.00040415578,0.00031416761,0.00019491973,0.00018956855,0.00015702992,0.00040398846,0.00035775686,0.00023448627,0.00028576441,0.0001716741,0.00026220638,0.00032694719,0.00037454846,0.00021961609
"PWY-1269: CMP-3-deoxy-D-manno-octulosonate biosynthesis I",0.000199796805,0.00054254243,0.0003532550644,0.000354160717,0.000336521818,0.000317536969,0.000239454365,3.64785e-05,0.00018553411,0.0001144476,0.00028710753,0.00020041489,0.000439006249,0.00051200688,0.00045033659,0.00088283,0.0006845545,0.0008392484,0.00030482643,0.00066219214,0.00044297757,0.00017859561,0.00038852807,0.000432478772,0.00078095484,0.0012363827,0.00072873832,0.00039998028,0.0008680603,0.0005831563,0.00023154504,0.0007954555,0.00010603894,0.00041041027,0.00027384249,0.0005870039,0.00158023528,0.00041845457,0.0007836541,0.000187255569,0.0003702909,0.00042506695,0.00063824187,0.00083702068,0.00095345976,0.00010581471,0.00036304826,0.00015731766,0.000188983499,0.00017427525,0.00018587168,0.00012892108,0.000256915752,0.00017202242,0.000119817358,0.000106456397,0.000149133559,0.00012712566,0.000295684013,0.00018709258
"PWY-5695: urate biosynthesis/inosine 5'-phosphate degradation",0.000687857747,0.000830469445,0.0006046176615,0.000525834673,0.000504747894,0.000542996762,0.000639057993,0.00033920431,0.00065953849,0.000385639834,0.00068434822,0.00068910358,0.000631561167,0.00081134768,0.00088620185,0.00104646075,0.000939848574,0.0013050895,0.0009251979,0.000994995938,0.00072381323,0.000495689704,0.000983472442,0.000581331907,0.001084329315,0.0015344937,0.0009119945,0.00074302912,0.00153802619,0.00087054317,0.000510656219,0.0008686152,0.00051036747,0.00085267727,0.000554659894,0.00089430499,0.00199279474,0.00051983323,0.00091576275,0.00028805443,0.0007293771,0.0008093858,0.00104937398,0.00103528253,0.001113304685,0.00047772613,0.00084717266,0.000523054679,0.00051996826,0.00080170168,0.0005258226,0.000682915908,0.000760446041,0.00049368387,0.000768908331,0.00048550935,0.00057945695,0.00057780292,0.00074650571,0.000673751206
"PWY-6163: chorismate biosynthesis from 3-dehydroquinate",0.00031823924,0.00041679703,0.0004380242,0.000443183241,0.000634387083,0.00048778408,0.00054613198,0.00056416317,0.0007560293,0.00069316651,0.00070115018,0.00050901912,0.000641315134,0.000416395198,0.00067405089,0.0006694376,0.00051081558,0.00115704197,0.00078272722,0.00085234005,0.00074311781,0.00040870666,0.00088639522,0.000654892254,0.000695188914,0.0011688545,0.00082580801,0.00056773361,0.0011288134,0.00044173462,0.00061420596,0.0007900034,0.00038946899,0.00061458771,0.00079655016,0.00099304188,0.00237635261,0.0005123517,0.00081000238,0.000257251808,0.00054297849,0.00063792065,0.00095018906,0.00039587844,0.000964222973,0.00061977694,0.00076431065,0.00048062979,0.00040198113,0.00058982904,0.00049931229,0.00062656326,0.00056827743,0.00041772824,0.00058162422,0.00066901463,0.000553952474,0.00053077793,0.00062904341,0.00055808281
"HISTSYN-PWY: L-histidine biosynthesis",0.000183526129,0.000330659362,0.000350232853,0.00030865021,0.000364564696,0.000401214283,0.00055463792,0.00098815477,0.00057087226,0.00061851042,0.00068009703,0.00066418453,0.00050895847,0.000334896264,0.00071949112,0.00086279738,0.00060337306,0.00101838676,0.000779738559,0.00073476175,0.000662239646,0.00040964453,0.00073849083,0.000669869024,0.00078529769,0.0011767872,0.00067848201,0.00063629295,0.0011673213,0.00068041531,0.000406530785,0.00093685627,0.00036821793,0.00064942494,0.00067323583,0.0008289923,0.002059064495,0.00060267074,0.00098169651,0.00023372391,0.0006742675,0.00064704611,0.0008125817,0.00063900988,0.00094212584,0.00073717984,0.00066715598,0.00036872698,0.00029094208,0.00036465806,0.00045923682,0.000674665913,0.00049288247,0.000274892033,0.00049478403,0.0007877991,0.000474651335,0.000478443392,0.000537112487,0.00040021514
"COMPLETE-ARO-PWY: superpathway of aromatic amino acid biosynthesis",0.00034059102,0.00048501293,0.000413454738,0.00043958792,0.000634865621,0.00049354574,0.00037602186,0.0002456138,0.00050435579,0.00062523996,0.0005207015,0.000428678,0.000612754078,0.0004777422,0.00066902294,0.000408132,0.0003750841,0.00081159608,0.00058539228,0.00060432725,0.00059725596,0.000324269551,0.00070273565,0.00045959167,0.000438492357,0.000140909,0.00049490383,0.00055063432,0.0005972916,0.0003890059,0.00041479397,0.000524104,0.0003238419,0.00057138525,0.00071050082,0.0007146061,0.00242176125,0.00051633136,0.00054944758,0.0001811799,0.00053961263,0.0003075604,0.00054116381,0.00024579345,0.0007386747,0.00041261136,0.000405257,0.00031649419,0.0003007127,0.0003663322,0.00040098019,0.0003483497,0.00036855268,0.0002978142,0.00037734061,0.00045959625,0.00035240058,0.00033624835,0.0003830576,0.00042333885
"UDPNAGSYN-PWY: UDP-N-acetyl-D-glucosamine biosynthesis I",0.0002239046,0.000532549008,0.0003625693451,0.000530672422,0.000512182061,0.000458571222,0.00013533396,0.0001632194,0.0001384644,0.00041886694,0.000441985627,0.0001330121,0.00057820863,0.000567136732,0.00059431616,7.00558e-05,0.00017201057,0.00041058933,0.00030268,0.00023258131,0.000278700431,0.000283212635,0.000420284685,0.000177620008,0.000214904197,8.24337e-06,0.00013967342,0.00047310599,0.0002143277,0.00019805614,0.000277788564,0.000407594439,0.00031365864,0.00036941757,0.0002151741,0.00031452086,0.002043197258,0.0006491236,0.00040688456,0.000109829445,0.00047907545,6.503636e-05,0.00016620017,0.00021717293,0.00053982343,0.00026636142,0.00025196519,0.00011197496,0.00015334421,0.0001579716,0.000411992247,0.00012780567,0.000241443505,0.00018543218,0.000133782416,0.00025768183,0.00012779076,0.00010883554,0.000236740315,0.000264725067
"ARO-PWY: chorismate biosynthesis I",0.00034778128,0.00046915128,0.000425430749,0.000454593281,0.000639499719,0.000516134842,0.00038099268,0.000317741,0.00052235192,0.00065309395,0.00059311621,0.0004579191,0.000621906972,0.00046713648,0.0006712686,0.00038416,0.0003518131,0.00078456294,0.00058900529,0.00059869483,0.00060142264,0.000334633917,0.00069302389,0.000453451,0.000413387089,0.000126456,0.00049030544,0.00054372061,0.0005709118,0.00037639272,0.00047793543,0.0005119048,0.00034503,0.00057342078,0.00072711789,0.00074816917,0.00231789414,0.00051346476,0.00053079306,0.0001933178,0.00052718449,0.0003241776,0.00052360984,0.00023367073,0.0007232409,0.00045660904,0.00040581,0.00033270335,0.00033763313,0.000378775,0.00045648219,0.00034930399,0.00038060909,0.00035019835,0.00038605187,0.00051908646,0.00036517236,0.00035116093,0.0003904593,0.00047106609
"ASPASN-PWY: superpathway of L-aspartate and L-asparagine biosynthesis",0.000369138273,0.00085677048,0.0005467734059,0.000516890383,0.000567108023,0.000504936162,0.00048277434,0.00025501048,0.000385075165,0.00019103847,0.00030148646,0.00029360807,0.00056471766,0.000880607824,0.00043961382,0.00096190736,0.0008349767,0.00092315538,0.00054423643,0.0007533746,0.000481591,0.000318785255,0.00044919169,0.000503025352,0.001000393864,0.001440142,0.0008381562,0.00047547764,0.0012423584,0.00085563365,0.000338716462,0.0008879059,0.000247734573,0.00040173115,0.00040313613,0.00083198082,0.000148804431,0.000448101953,0.0008954204,0.000272483187,0.00048789412,0.00035395707,0.0007915175,0.00098991416,0.000760455042,0.00023972618,0.00059913371,0.00038129625,0.000308309849,0.00039594357,0.00029966093,0.000439152789,0.000465899865,0.000329987083,0.00044619276,0.00029355347,0.000403022941,0.000396089971,0.000510468944,0.000355748252
"PWY-5097: L-lysine biosynthesis VI",0.000300144934,0.000425742342,0.0004486499341,0.000447897377,0.000585693549,0.000498726543,0.000568304536,0.0003494416,0.00070563349,0.00081033647,0.00051730674,0.00069169301,0.000573507107,0.000455122755,0.00078121832,0.0011687893,0.000897872792,0.00116596604,0.00068986652,0.00098461861,0.00076674207,0.000431936428,0.000706829151,0.000782918432,0.001043981562,0.0014620296,0.00097694225,0.00060936244,0.00151005535,0.00086941145,0.000562823667,0.00116204549,0.00044479475,0.000630136373,0.00070327874,0.0009775216,0.00057576397,0.0005179513,0.00114287245,0.00024147253,0.00063795308,0.00054751848,0.00101060375,0.00092995803,0.00106181189,0.00075229122,0.00084738698,0.00047301105,0.000421471336,0.00073168376,0.00045479116,0.00053927896,0.000668174907,0.00044756177,0.000666722601,0.00075498045,0.000501561614,0.00045760966,0.000688368916,0.000554111776
"PWY-2942: L-lysine biosynthesis III",0.000509145021,0.000425503982,0.000463910161,0.000446812767,0.000569033437,0.000528363649,0.00059398799,0.00029831287,0.00074793208,0.00062858975,0.00046908976,0.00061087146,0.000598839334,0.000460810846,0.00068498913,0.001183767,0.00086489923,0.00111769096,0.000653409577,0.00092994117,0.00074768241,0.00041567779,0.000693034557,0.000755325392,0.00106814567,0.00144900296,0.00097840515,0.00058078427,0.001482786,0.00082954498,0.000517487982,0.00114588266,0.00035671315,0.00068236902,0.00067192068,0.0009339137,0.00053394354,0.00060802047,0.00112950843,0.000202092776,0.00063201198,0.00060271648,0.00098561824,0.00095524829,0.00110179952,0.00072651624,0.00086242208,0.000551427749,0.00044531117,0.00074251972,0.00045609725,0.000601628182,0.000682463468,0.0004594037,0.000699631424,0.00069233295,0.00054647027,0.000511673293,0.000713900537,0.000518322526
"PWY-7357: thiamin formation from pyrithiamine and oxythiamine (yeast)",0.00021430745,0.000278576921,0.000240150997,0.000307945465,0.00037072949,0.00022588903,0.00016177198,6.797009e-05,0.00024876029,0.000416731753,0.00022953472,0.00027776341,0.000399172582,0.000295972153,0.00043242517,0.0007203836,0.00117326902,0.00078152,0.000404476,0.0006139272,0.000345472677,0.000223283615,0.00052307525,0.000422328732,0.000974373397,0.0009886074,0.00049647319,0.00057508744,0.00077540444,0.00084645883,0.00028946414,0.000556021,0.00011867943,0.00050744383,0.00037527009,0.00042957456,0.000378492,0.00042055167,0.0005697894,0.00018328991,0.0005828347,0.0006096377,0.00066645064,0.00104223958,0.00064341498,0.0002117214,0.00026879633,0.00017145217,0.00015112409,0.0001345367,0.00019742603,0.000147146127,0.000251433478,0.00015440629,0.00015390841,0.0002343095,0.00015943499,0.00016328776,0.00025105335,0.00018563346
"PWY0-1296: purine ribonucleosides degradation",0.00041373157,0.00050696625,0.0004098979499,0.000495424924,0.000464699021,0.000510634442,0.000207524369,0.00025723265,0.00027896097,0.00054400606,0.0004788994,0.00028561813,0.000511886718,0.00049566864,0.00065084286,0.00011998577,0.00031881153,0.000436644769,0.00051066893,0.00041645313,0.000313106918,0.000393944863,0.00059394031,0.00020624649,0.0001223953,2.83292e-05,0.000180236592,0.00034878807,0.0001459419,0.00043297763,0.00058765681,0.0002644199,0.00038776881,0.0003826329,0.00089546097,0.0004149605,0.00172790104,0.0003569065,0.00028660645,9.82138e-05,0.00028844071,9.512327e-05,0.000182344956,0.00016954697,0.00041245116,0.0003796164,0.0002469317,0.00018255353,0.00025685719,0.00038984233,0.00051286694,8.296974e-05,0.000237110535,0.00025868738,0.000229506099,0.00043818095,0.00016770783,0.00011794664,0.00026697849,0.000371425
"PWY-5667: CDP-diacylglycerol biosynthesis I",0.000551148272,0.00119536478,0.0007059479372,0.00047095339,0.000536145636,0.000613256293,0.00058801599,0.000307762172,0.0005970714,0.00057366666,0.00047143981,0.00063056173,0.000571515914,0.000926664901,0.00066292001,0.00035324002,0.000261682067,0.000494495072,0.0007761988,0.00037975775,0.00034303917,0.000248599134,0.00081245196,0.000451199864,0.000216073213,0.00010498392,0.00020836962,0.0005191306,0.0001547785,0.00070405429,0.00034394725,0.0005434374,0.00037515529,0.0005767632,0.00082892508,0.00045497768,0.00154207614,0.00080925689,0.00048133988,0.000233977363,0.00049675138,0.0007003372,0.00023154497,0.000325906017,0.000415130383,0.00039558528,0.000498170828,0.000410478221,0.00033071971,0.00025696356,0.000335493036,0.000674818927,0.000445047379,0.000409492794,0.000618860054,0.000442518093,0.000587126887,0.000579044059,0.00050432161,0.00034870887
"PWY0-1319: CDP-diacylglycerol biosynthesis II",0.000551148272,0.00119536478,0.0007063315372,0.00047863028,0.000540546026,0.000613256293,0.00058801599,0.000307762172,0.0005970714,0.00057366666,0.00047143981,0.00063056173,0.000571515914,0.000926664901,0.00066292001,0.00035324002,0.000261682067,0.000494495072,0.0007761988,0.00037975775,0.00034303917,0.000248599134,0.00081245196,0.000451199864,0.000216073213,0.00010498392,0.00020836962,0.0005191306,0.0001547785,0.00070405429,0.00034394725,0.0005434374,0.00037515529,0.0005767632,0.00082892508,0.00045497768,0.00154207614,0.00080925689,0.00048133988,0.000233977363,0.00049675138,0.0007003372,0.00023154497,0.000325906017,0.000415130383,0.00039558528,0.000498170828,0.000410478221,0.00033071971,0.00025696356,0.000335493036,0.000674818927,0.000445047379,0.000409492794,0.000618860054,0.000442518093,0.000587126887,0.000579044059,0.00050432161,0.00034870887
"PANTO-PWY: phosphopantothenate biosynthesis I",0.000539344353,0.000478235378,0.000462243208,0.000363579487,0.00047573551,0.00046817359,0.00063791899,0.000136611853,0.0006796641,0.000625446509,0.000429109282,0.00056200046,0.000560591615,0.000512426472,0.00094813812,0.000363104493,0.00039057888,0.000488509394,0.00073653022,0.00045089808,0.00058676791,0.000313270216,0.00081831139,0.000504696179,0.00043785303,0.000106882,0.00037986647,0.00039135531,0.000633163,0.00060943114,0.000253472411,0.0005298446,0.00042431891,0.00083241151,0.00044717921,0.00066593856,0.0019320001,0.00049177849,0.0005150262,0.000227573867,0.00039560595,0.000608791109,0.000537056,0.00039695266,0.000622289626,0.00044277222,0.00061652084,0.000513653603,0.000444110458,0.00047682919,0.00035623528,0.0007213069,0.00057168247,0.000428140928,0.000625277572,0.000465190896,0.00061290009,0.000569608612,0.000562046105,0.000400633674
"PWY-6703: preQ0 biosynthesis",0.000444355039,0.000206373618,0.000326538023,0.000296605037,0.000346152396,0.000272052962,0.000561493,9.684283e-05,0.00055398034,0.00037762112,0.00036874365,0.00032758888,0.000479544707,0.000202597445,0.00079802025,0.0004782046,0.0003217402,0.00089136505,0.00071728235,0.000546935407,0.0005917908,0.000163120602,0.000663543263,0.000575914263,0.00023026947,0.00077642067,0.00049649029,0.00054075481,0.0006515721,0.00019993709,0.000165637461,0.00074055714,0.00033311385,0.00048611181,0.00020375848,0.0006429412,0.0015416598,0.00066082515,0.00076426175,9.4303807e-05,0.0005239754,0.00057801349,0.00036990562,0.000341600578,0.000617973174,0.00046791902,0.00058069596,0.00040152456,0.000313992077,0.0003351091,0.00021798371,0.000692204248,0.00047827079,0.000287826415,0.000561003342,0.00043031738,0.000522129207,0.000516404075,0.000499830429,0.000259407266
"PWY-6897: thiamin salvage II",0.0002472933,0.000311740469,0.00025580915,0.000286197488,0.000294405674,0.00022520824,0.00019262425,7.824746e-05,0.00028903285,0.0003497443,0.0002004027,0.00028923941,0.000380308143,0.000322868857,0.0004352482,0.0007702812,0.00106781826,0.00076707556,0.00038126222,0.00059054515,0.00031700091,0.00021183643,0.00043817037,0.000437234233,0.00089567832,0.0010823819,0.00051419345,0.0004647094,0.00071123099,0.00070621725,0.00025613213,0.0005076264,0.00011538422,0.00048795257,0.00033446831,0.00038388925,0.0003793737,0.0003730909,0.0005380085,0.00018766168,0.0004429664,0.00058888795,0.00055394773,0.00098675891,0.0006063583,0.000241712,0.00030011027,0.00019798308,0.00017797272,0.0001635404,0.00018509553,0.000188810761,0.000286421367,0.000176066626,0.00019923809,0.0002549949,0.00019746675,0.00019221823,0.00028468679,0.00020377836
"PWY-3841: folate transformations II",0.000663502587,0.000333982847,0.000449788941,0.000442486178,0.00050192796,0.000536477938,0.000663312178,0.001659312868,0.00070854891,0.00100230751,0.00095364022,0.00085648839,0.000564549746,0.00034946636,0.00069162063,0.0006586255,0.00041463534,0.000789393411,0.00080265396,0.000793272166,0.00075550074,0.000608712415,0.000839489502,0.000676923177,0.00065072179,0.0006876842,0.00058805334,0.00063400237,0.00084473691,0.0004906811,0.000759329898,0.0005762162,0.00065922426,0.00088288388,0.00088893123,0.00079739054,0.00058830732,0.0007912641,0.0005611089,0.00019094981,0.00064086763,0.00076442824,0.00090194449,0.00059433689,0.000924129322,0.0010737889,0.00099330102,0.000766211481,0.00071444613,0.00103908841,0.000788292965,0.000801967306,0.000849396835,0.000836740351,0.000914938175,0.0011342519,0.000760427532,0.00076939071,0.00089255325,0.000851802702
"COA-PWY: coenzyme A biosynthesis I",0.000541491141,0.000349397688,0.0004136063274,0.000436005775,0.000396661665,0.000368370523,0.000584176219,0.00016787592,0.00054296663,0.00075016953,0.00057564704,0.00075029865,0.000563996557,0.000358957644,0.00079682499,0.00059106879,0.00050865414,0.000965030021,0.00074946312,0.00079446598,0.000677795622,0.000305848113,0.000810823557,0.000724119204,0.00038924669,0.0009657594,0.00061532135,0.00063792547,0.00102027705,0.00054579887,0.00047562274,0.00085720239,0.000412604164,0.000931665895,0.00047791338,0.00084549246,0.0012268618,0.000655392007,0.00090833051,0.000223027577,0.00061236057,0.00063637501,0.00081869431,0.000397579446,0.000850586412,0.00023433478,0.000736485155,0.000639022352,0.000576311905,0.00060181965,0.00031864131,0.00071830452,0.000658430625,0.00051141047,0.00066090168,0.00023903157,0.000672080784,0.000626445081,0.000684523542,0.000420508966
"NONOXIPENT-PWY: pentose phosphate pathway (non-oxidative branch)",0.000676958806,0.00098621603,0.0006220467428,0.000756039891,0.000794455252,0.000599654574,0.00023474738,0.00021101216,0.0001089243,0.00029858572,0.00020864856,9.973968e-05,0.000665020572,0.00099313251,0.00047955559,0.00010483769,0.00020208292,0.000231588702,0.00026813616,0.000284972432,0.00037329197,0.000289424589,0.000381722555,0.000231043185,0.00016028411,2.293432e-05,0.0003008351,0.00018319921,0.00016064941,0.000248133606,0.0002417828,0.0001088722,0.0001611868,0.00022544229,0.00018791987,0.00026588613,0.000512910642,0.00045193877,0.00011094652,0.00018046073,0.00016710897,7.273735e-05,0.00028311933,0.00026155344,0.00038593527,0.0001808663,0.00010167734,0.00025178625,0.00023972208,0.0001547336,0.00042183389,0.00011696397,0.000217695,0.00021294089,0.00015422179,0.00016470831,0.000190699223,0.00018143759,0.00020804122,0.00023313435
"COA-PWY-1: coenzyme A biosynthesis II (mammalian)",0.00056876842,0.000413083155,0.0004659023035,0.000453239714,0.000473112661,0.000435050955,0.000633186652,0.00118222972,0.00071290773,0.00093178026,0.00096259368,0.00090641043,0.000633594144,0.000425810123,0.00091023085,0.00059876953,0.00049935636,0.000872633205,0.00088749562,0.00080205088,0.00067228124,0.000559309585,0.000988927861,0.00070241181,0.00046946439,0.0009277777,0.00062583945,0.00064370437,0.00098158808,0.00069342468,0.000607607057,0.00086264243,0.000659219262,0.000972135013,0.00087929573,0.00090254321,0.00137510803,0.000609723365,0.00090102249,0.00020520964,0.0006985172,0.00073989946,0.00082556117,0.000408676473,0.000913458969,0.00113565474,0.00077259408,0.00069663725,0.000651702113,0.00070323197,0.00069367998,0.00076566754,0.000728376558,0.000670214605,0.000793104822,0.00104867209,0.00070946385,0.000634334141,0.00073508697,0.00071761463
"PWY-6737: starch degradation V",0.00042805723,0.00086700954,0.000610948756,0.000584972862,0.000596919219,0.000597234609,0.000356822524,0.00049042392,0.0004598128,0.000813145334,0.00070359848,0.00062748095,0.00053039652,0.000904946005,0.000598801173,0.00028353239,0.00037887971,0.000395365009,0.000755866663,0.00052458342,0.00066829938,0.000465909523,0.000788156334,0.000385881328,0.000176490754,1.942299e-05,0.00025274563,0.0005521927,0.00022576347,0.00051130624,0.00059578116,0.00036061814,0.000527847497,0.00094969102,0.00114471375,0.000418233011,0.000497663128,0.0003078017985,0.000382239604,0.00021092834,0.00049798322,0.00057771531,0.00043486266,0.00023302623,0.00059837417,0.00062549007,0.000376088801,0.00025072042,0.000350591579,0.00060006597,0.00070561314,0.00028626924,0.000319800205,0.000357716912,0.00039000315,0.00073066231,0.000281579945,0.000240523993,0.000387933774,0.000595429582
"HISDEG-PWY: L-histidine degradation I",0.000470643488,0.000133391125,0.0002262142221,9.8411812e-05,0.000266753795,0.000213917845,0.00039864416,0.001030618948,0.00044521674,7.9542994e-05,0.000436094665,0.00042128134,0.000223995483,0.000135273116,0.00026132105,3.633065e-05,0,0.00017117387,0.00048325617,8.200272e-05,6.3246536e-05,0.000223717017,0.000401780598,9.8825236e-05,6.40025e-05,3.641166e-05,6.456121e-05,2.892786e-05,0.000141665,2.75429e-05,4.9182325e-05,1.235739e-05,0.000191692444,0.000441410677,0.00027425417,0.000231253957,6.596964e-05,0.00024903595,1.612915e-05,6.5260633e-05,4.558607e-05,0.000536810054,0.00016406203,0.00011418288,7.0692608e-05,0.00063914046,0.00032889352,0.000475951146,0.000424340605,0.00054475696,0.00032614064,0.000420276426,0.000392852354,0.000488628929,0.000496171117,0.000649951,0.000479935527,0.000431147292,0.000361254545,0.00035792262
"PWY-6124: inosine-5'-phosphate biosynthesis II",0.000471014535,0.00022642836,0.0003308287462,0.000382198883,0.000258251948,0.00038233078,0.000406977802,0.00104074301,0.00067312696,0.000751690382,0.00063799176,0.00065320018,0.000343725715,0.0002241855025,0.00030330534,3.731237e-05,0.000175410697,0.00020249494,0.000708530667,0.00025592501,0.000280979032,0.00042662619,0.000659031301,0.000275756263,0.000200662192,4.283528e-05,1.629916e-05,0.00041740776,0.0001273142,0.00017192988,0.000244349409,0.0004293722,0.00025806579,0.00069938927,0.0004168988,0.00039280448,0.00032444336,0.0003630706,0.000401483057,0.000123439995,0.00043255846,0.00068508166,0.00016908045,0.00015222092,0.000433485,0.000724389074,0.000434652235,0.000435361665,0.000381091866,0.00045198676,0.00049754942,0.000532329223,0.000403931308,0.000380981324,0.000534910447,0.00076316953,0.000497018287,0.000457535848,0.000425702195,0.000522257601
"PWY-6121: 5-aminoimidazole ribonucleotide biosynthesis I",0.000500486229,0.000519341811,0.000529081239,0.000624015321,0.000522372979,0.000511018743,0.00055519424,0.001083638894,0.00080508966,0.00096348602,0.00074680642,0.00076053272,0.000584098744,0.000546676482,0.000580610849,0.00025114152,0.00032798446,0.000468734221,0.00078694496,0.000455342762,0.00052191781,0.000459301039,0.000854282754,0.000389082315,0.000343308122,0.0001438497,0.00033396628,0.00061894217,0.0002877346,0.00050377728,0.000455877269,0.00062125871,0.000446776,0.00081815378,0.00104811157,0.0007947929,0.0011146157,0.00049735255,0.00054220669,0.000234418054,0.00059585725,0.00067386765,0.00054991821,0.000324467775,0.000699948691,0.00074795864,0.00065403432,0.000518275475,0.000440147917,0.00056194233,0.00068606982,0.00057158508,0.000535595648,0.000419672097,0.000534469635,0.00083341327,0.000488006234,0.000474664557,0.000550044932,0.000569886739
"PWY-6123: inosine-5'-phosphate biosynthesis I",0.000507699322,0.000280767547,0.0003598756752,0.000419487969,0.000348406893,0.000413385049,0.00044084502,0.00102580341,0.0006589945,0.000789884589,0.000639457681,0.00067309084,0.000380662884,0.000280870984,0.000323781928,4.42557e-05,0.00019823615,0.00023048146,0.000724817778,0.00028524335,0.000310633946,0.000435403956,0.000677631552,0.000301786972,0.000225250494,5.020535e-05,8.686131e-05,0.00045945595,0.0001484983,0.00023671133,0.000261153453,0.00046839801,0.00027334551,0.00075336245,0.00045831513,0.00042341,0.00037430366,0.0004057657,0.0004348287,0.000145643642,0.00047617606,0.00069836435,0.0001929364,0.00017266657,0.000469638,0.000739424824,0.000475251025,0.000464055271,0.000394141241,0.00048801527,0.00051828993,0.000549117988,0.000440352303,0.00039630767,0.000562945947,0.00077551677,0.00051382342,0.000468829451,0.000450280385,0.000541981848
